{
  "exposureDuration" : 0.0099999997764825821,
  "motionQuality" : 0.96359312534332275,
  "averageVelocity" : 0.054983284324407578,
  "averageAngularVelocity" : 0.12742409110069275,
  "projectionMatrix" : [
    1.6710569858551025,
    0,
    0.0050598978996276855,
    0,
    0,
    2.2280759811401367,
    -0.0082211494445800781,
    0,
    0,
    0,
    -0.9999997615814209,
    -0.00099999981466680765,
    0,
    0,
    -1,
    0
  ],
  "cameraPoseARFrame" : [
    0.91770505905151367,
    -0.18068724870681763,
    0.35379287600517273,
    -0.086204871535301208,
    -0.023798149079084396,
    0.86397373676300049,
    0.50297427177429199,
    0.35639888048171997,
    -0.3965488076210022,
    -0.47000166773796082,
    0.78857308626174927,
    0.84037673473358154,
    0,
    0,
    0,
    1
  ],
  "time" : 448897.56120904174,
  "cameraGrain" : 0.19171082973480225,
  "intrinsics" : [
    1604.2147216796875,
    0,
    954.64251708984375,
    0,
    1604.2147216796875,
    713.58074951171875,
    0,
    0,
    1
  ],
  "frame_index" : 64
}