{
  "projectionMatrix" : [
    1.6625838279724121,
    0,
    0.0048818588256835938,
    0,
    0,
    2.2167782783508301,
    -0.0083320140838623047,
    0,
    0,
    0,
    -0.9999997615814209,
    -0.00099999981466680765,
    0,
    0,
    -1,
    0
  ],
  "intrinsics" : [
    1596.0804443359375,
    0,
    954.81341552734375,
    0,
    1596.0804443359375,
    713.5009765625,
    0,
    0,
    1
  ],
  "cameraPoseARFrame" : [
    0.9678269624710083,
    -0.10743324458599091,
    0.22752811014652252,
    -0.19114348292350769,
    0.014516090974211693,
    0.92659890651702881,
    0.3757709264755249,
    0.40803739428520203,
    -0.25119760632514954,
    -0.36037838459014893,
    0.89834684133529663,
    0.79547661542892456,
    0,
    0,
    0,
    1
  ],
  "exposureDuration" : 0.0099999997764825821,
  "motionQuality" : 1,
  "averageAngularVelocity" : 0,
  "frame_index" : 0,
  "averageVelocity" : 0,
  "cameraGrain" : 0.12701137363910675,
  "time" : 448863.85997437511
}