{
  "projectionMatrix" : [
    1.6607009172439575,
    0,
    0.004624485969543457,
    0,
    0,
    2.2142677307128906,
    -0.0082873106002807617,
    0,
    0,
    0,
    -0.9999997615814209,
    -0.00099999981466680765,
    0,
    0,
    -1,
    0
  ],
  "averageVelocity" : 0.25024580955505371,
  "averageAngularVelocity" : 0.39584809541702271,
  "time" : 448992.38644091674,
  "exposureDuration" : 0.0099999997764825821,
  "cameraGrain" : 0.15333883464336395,
  "motionQuality" : 0.88690054416656494,
  "frame_index" : 245,
  "intrinsics" : [
    1594.2728271484375,
    0,
    955.06048583984375,
    0,
    1594.2728271484375,
    713.53314208984375,
    0,
    0,
    1
  ],
  "cameraPoseARFrame" : [
    0.40856054425239563,
    -0.41362065076828003,
    0.81363129615783691,
    1.2651127576828003,
    0.11078757792711258,
    0.907306969165802,
    0.40561056137084961,
    0.20644146203994751,
    -0.90598243474960327,
    -0.075576245784759521,
    0.41651386022567749,
    0.51512235403060913,
    0,
    0,
    0,
    0.99999988079071045
  ]
}