{
  "cameraPoseARFrame" : [
    0.90378612279891968,
    -0.091567635536193848,
    0.41807407140731812,
    -0.15361131727695465,
    -0.18022401630878448,
    0.80458569526672363,
    0.56582784652709961,
    0.38150948286056519,
    -0.38818797469139099,
    -0.5867343544960022,
    0.71067065000534058,
    0.6720588207244873,
    0,
    0,
    0,
    0.99999994039535522
  ],
  "averageVelocity" : 0,
  "time" : 448895.42739066674,
  "frame_index" : 60,
  "exposureDuration" : 0.0099999997764825821,
  "intrinsics" : [
    1603.7628173828125,
    0,
    954.20306396484375,
    0,
    1603.7628173828125,
    713.642822265625,
    0,
    0,
    1
  ],
  "motionQuality" : 0.96320784091949463,
  "cameraGrain" : 0.18759220838546753,
  "averageAngularVelocity" : 0.1287725567817688,
  "projectionMatrix" : [
    1.6705862283706665,
    0,
    0.0055176615715026855,
    0,
    0,
    2.2274484634399414,
    -0.0081349611282348633,
    0,
    0,
    0,
    -0.9999997615814209,
    -0.00099999981466680765,
    0,
    0,
    -1,
    0
  ]
}