{
  "frame_index" : 126,
  "motionQuality" : 0.84028708934783936,
  "exposureDuration" : 0.0099999997764825821,
  "intrinsics" : [
    1595.1766357421875,
    0,
    954.60546875,
    0,
    1595.1766357421875,
    713.73052978515625,
    0,
    0,
    1
  ],
  "averageVelocity" : 0.18402041494846344,
  "cameraGrain" : 0.31200870871543884,
  "cameraPoseARFrame" : [
    0.98278599977493286,
    -0.11149218678474426,
    0.14731292426586151,
    -0.52424323558807373,
    -0.014834788627922535,
    0.74717569351196289,
    0.66446095705032349,
    0.58295691013336182,
    -0.18415084481239319,
    -0.65520823001861572,
    0.73265987634658813,
    0.31139850616455078,
    0,
    0,
    0,
    1
  ],
  "averageAngularVelocity" : 0.55899506807327271,
  "projectionMatrix" : [
    1.66164231300354,
    0,
    0.0050984621047973633,
    0,
    0,
    2.2155230045318604,
    -0.0080131292343139648,
    0,
    0,
    0,
    -0.9999997615814209,
    -0.00099999981466680765,
    0,
    0,
    -1,
    0
  ],
  "time" : 448930.01489383343
}