{
  "cameraPoseARFrame" : [
    0.9149138331413269,
    0.2703377902507782,
    -0.29975017905235291,
    -0.32978940010070801,
    0.064740836620330811,
    0.63470876216888428,
    0.77003473043441772,
    0.2949393093585968,
    0.39842352271080017,
    -0.72392147779464722,
    0.56320184469223022,
    0.37004107236862183,
    0,
    0,
    0,
    1
  ],
  "intrinsics" : [
    1594.7247314453125,
    0,
    954.759033203125,
    0,
    1594.7247314453125,
    713.8902587890625,
    0,
    0,
    1
  ],
  "frame_index" : 70,
  "motionQuality" : 0.9715198278427124,
  "projectionMatrix" : [
    1.661171555519104,
    0,
    0.0049384832382202148,
    0,
    0,
    2.214895486831665,
    -0.0077912807464599609,
    0,
    0,
    0,
    -0.9999997615814209,
    -0.00099999981466680765,
    0,
    0,
    -1,
    0
  ],
  "averageAngularVelocity" : 0.037403196096420288,
  "cameraGrain" : 0.26309731602668762,
  "exposureDuration" : 0.0099999997764825821,
  "time" : 448900.63060379174,
  "averageVelocity" : 0.099680669605731964
}