{
  "cameraPoseARFrame" : [
    0.93141728639602661,
    -0.25096777081489563,
    0.26358449459075928,
    0.19022077322006226,
    -0.037782005965709686,
    0.65364021062850952,
    0.75586163997650146,
    0.36103335022926331,
    -0.36198636889457703,
    -0.71398144960403442,
    0.59932971000671387,
    0.77772581577301025,
    0,
    0,
    0,
    0.99999988079071045
  ],
  "intrinsics" : [
    1599.2437744140625,
    0,
    954.4853515625,
    0,
    1599.2437744140625,
    713.85675048828125,
    0,
    0,
    1
  ],
  "averageAngularVelocity" : 0.17876383662223816,
  "time" : 448903.79828654177,
  "averageVelocity" : 0.19150695204734802,
  "motionQuality" : 0.94528371095657349,
  "projectionMatrix" : [
    1.6658788919448853,
    0,
    0.0052235722541809082,
    0,
    0,
    2.2211718559265137,
    -0.0078378915786743164,
    0,
    0,
    0,
    -0.9999997615814209,
    -0.00099999981466680765,
    0,
    0,
    -1,
    0
  ],
  "frame_index" : 76,
  "cameraGrain" : 0.19482557475566864,
  "exposureDuration" : 0.0099999997764825821
}