{
  "cameraPoseARFrame" : [
    0.87380796670913696,
    -0.26637092232704163,
    0.40682443976402283,
    -0.204294353723526,
    0.019244901835918427,
    0.85490876436233521,
    0.51842141151428223,
    0.29302585124969482,
    -0.48589015007019043,
    -0.44517147541046143,
    0.75215226411819458,
    0.82117664813995361,
    0,
    0,
    0,
    1.0000001192092896
  ],
  "time" : 448956.69658875011,
  "exposureDuration" : 0.0099999997764825821,
  "averageVelocity" : 0.20477068424224854,
  "projectionMatrix" : [
    1.6993011236190796,
    0,
    0.0049467682838439941,
    0,
    0,
    2.2657349109649658,
    -0.0081970691680908203,
    0,
    0,
    0,
    -0.9999997615814209,
    -0.00099999981466680765,
    0,
    0,
    -1,
    0
  ],
  "averageAngularVelocity" : 0.21901075541973114,
  "frame_index" : 177,
  "intrinsics" : [
    1631.3291015625,
    0,
    954.7510986328125,
    0,
    1631.3291015625,
    713.59814453125,
    0,
    0,
    1
  ],
  "motionQuality" : 0.93742549419403076,
  "cameraGrain" : 0.24291986227035522
}