{
  "time" : 448977.14299791679,
  "cameraPoseARFrame" : [
    0.93364143371582031,
    -0.16193954646587372,
    0.31951406598091125,
    0.040611326694488525,
    0.05830032005906105,
    0.94877952337265015,
    0.31051316857337952,
    0.14282424747943878,
    -0.35343283414840698,
    -0.27128016948699951,
    0.89526093006134033,
    1.157433032989502,
    0,
    0,
    0,
    0.99999988079071045
  ],
  "frame_index" : 216,
  "intrinsics" : [
    1599.2437744140625,
    0,
    954.97052001953125,
    0,
    1599.2437744140625,
    713.4716796875,
    0,
    0,
    1
  ],
  "averageAngularVelocity" : 0.68841814994812012,
  "cameraGrain" : 0.19416835904121399,
  "exposureDuration" : 0.0099999997764825821,
  "motionQuality" : 0.80330908298492432,
  "projectionMatrix" : [
    1.6658788919448853,
    0,
    0.0047181844711303711,
    0,
    0,
    2.2211718559265137,
    -0.0083726644515991211,
    0,
    0,
    0,
    -0.9999997615814209,
    -0.00099999981466680765,
    0,
    0,
    -1,
    0
  ],
  "averageVelocity" : 0.47794172167778015
}