{
  "motionQuality" : 0.94264906644821167,
  "averageVelocity" : 0.20072817802429199,
  "averageAngularVelocity" : 0.15680713951587677,
  "cameraGrain" : 0.098112218081951141,
  "intrinsics" : [
    1596.9842529296875,
    0,
    954.75762939453125,
    0,
    1596.9842529296875,
    713.54217529296875,
    0,
    0,
    1
  ],
  "time" : 448911.13792829175,
  "cameraPoseARFrame" : [
    0.57414215803146362,
    -0.37871453166007996,
    0.72590357065200806,
    1.3146864175796509,
    0.015357567928731441,
    0.89141911268234253,
    0.45291951298713684,
    0.4775998592376709,
    -0.81861156225204468,
    -0.24889203906059265,
    0.51761734485626221,
    0.52014434337615967,
    0,
    0,
    0,
    1
  ],
  "projectionMatrix" : [
    1.6635252237319946,
    0,
    0.0049399733543395996,
    0,
    0,
    2.2180337905883789,
    -0.0082747936248779297,
    0,
    0,
    0,
    -0.9999997615814209,
    -0.00099999981466680765,
    0,
    0,
    -1,
    0
  ],
  "frame_index" : 90,
  "exposureDuration" : 0.0099999997764825821
}